<?xml version="1.0" encoding="UTF-8"?>
<beans xmlns="http://www.springframework.org/schema/beans"
	xmlns:xsi="http://www.w3.org/2001/XMLSchema-instance"
	xmlns:aop="http://www.springframework.org/schema/aop"
	xmlns:context="http://www.springframework.org/schema/context"
	xsi:schemaLocation="http://www.springframework.org/schema/beans 
    http://www.springframework.org/schema/beans/spring-beans-4.0.xsd
    http://www.springframework.org/schema/context
    http://www.springframework.org/schema/context/spring-context.xsd">

   
      <bean id="dataSource"
		class="org.springframework.jdbc.datasource.DriverManagerDataSource">
		<property name="driverClassName" value="com.mysql.cj.jdbc.Driver" />
		<property name="url"  value="jdbc:mysql://localhost/xyz"/>
		<property name="username"  value="rakshith" />
		<property name="password" value="root123" />
      </bean>
		
		<!-- obtain a jdbc template -->
	 <bean id="jdbcTemplate" class="org.springframework.jdbc.core.JdbcTemplate" >
		<property name="dataSource" ref="dataSource"/>
	 </bean>
   
  

	
	
	
	<context:component-scan base-package="com.spring"></context:component-scan>

	<context:annotation-config></context:annotation-config>

</beans>
    
   